{"Epoch_1 (Batch loss)": 40.38693183660507, "Epoch_1 (Batch accuracy)": 0.10096774193548387, "_runtime": 1138, "_timestamp": 1642328487, "_step": 29}