{"Epoch_1 (Batch loss)": 11.50697112083435, "Epoch_1 (Batch accuracy)": 0.0992857142857143, "_runtime": 954, "_timestamp": 1642278347, "_step": 14}