{" (Batch loss)": 59.74936246871948, " (Batch accuracy)": 0.801837426743338, "_runtime": 244, "_timestamp": 1642700716, "_step": 338, "Loss": 0.5334764506135669, "Accuracy": 0.801837426743338, "_wandb": {"runtime": 247}}