{"Epoch_1 (Batch loss)": 3.062211334705353, "Epoch_1 (Batch accuracy)": 0.6541666630655527, "_runtime": 42, "_timestamp": 1642611921, "_step": 14, "Loss": 0.7928240150213242, "Accuracy": 0.7791666835546494, "Classes": {"_type": "table-file", "path": "media/table/Classes_4_ac9bfbac2c4c363ac7ac.table.json", "sha256": "ac9bfbac2c4c363ac7ac7af7c758d5cf027365bca64c520b61493dbf1d3bcc86", "size": 74, "artifact_path": "wandb-client-artifact://jg6vsre0qmn1snois4xq3wf2jdswtrh3zqz3feazv80oy9ku2e1rcovjzxtfd8ea1hqzi7hk3982b4rba6mmdsreyry5hxsov6frn219uknr0hindx8xp0qho7rgmkg5:latest/Classes.table.json", "_latest_artifact_path": "wandb-client-artifact://jg6vsre0qmn1snois4xq3wf2jdswtrh3zqz3feazv80oy9ku2e1rcovjzxtfd8ea1hqzi7hk3982b4rba6mmdsreyry5hxsov6frn219uknr0hindx8xp0qho7rgmkg5:latest/Classes.table.json", "ncols": 2, "nrows": 6}, "Epoch_2 (Batch loss)": 3.4875330328941345, "Epoch_2 (Batch accuracy)": 0.7791666612029076, "Epoch_3 (Batch loss)": 3.1712960600852966, "Epoch_3 (Batch accuracy)": 0.7791666835546494, "_wandb": {"runtime": 54}}