{"Epoch_1 (Batch loss)": 4.046973645687103, "Epoch_1 (Batch accuracy)": 0.5666666775941849, "_runtime": 22, "_timestamp": 1642611688, "_step": 3}