{"Epoch_1 (Batch loss)": 102.5785436630249, "Epoch_1 (Batch accuracy)": 1.3235000000000001, "_runtime": 6095, "_timestamp": 1642595647, "_step": 78}