{" (Batch loss)": 17.834694106131792, " (Batch accuracy)": 0.9534025775534775, "_runtime": 817, "_timestamp": 1642705751, "_step": 1409, "Loss": 0.12739067218665565, "Accuracy": 0.9534025775534775, "_wandb": {"runtime": 815}}