{"Epoch_1 (Batch loss)": 21.8516206741333, "Epoch_1 (Batch accuracy)": 0.08142857142857143, "_runtime": 347, "_timestamp": 1642441968, "_step": 4}