{"Epoch_1 (Batch loss)": 1.9845651388168335, "Epoch_1 (Batch accuracy)": 0.004516129032258065, "_runtime": 99, "_timestamp": 1642327124, "_step": 1}