{" (Batch loss)": 43.38055185228586, " (Batch accuracy)": 0.908753929920095, "_runtime": 830, "_timestamp": 1642712471, "_step": 1869, "Loss": 0.23322877339938636, "Accuracy": 0.908753929920095, "_wandb": {"runtime": 830}}