{" (Batch loss)": 124.40496274828911, " (Batch accuracy)": 0.7892938480582278, "_runtime": 856, "_timestamp": 1642704101, "_step": 1869, "Loss": 0.6688438857434899, "Accuracy": 0.7892938480582278, "_wandb": {"runtime": 855}}