{" (Batch loss)": 51.727135211229324, " (Batch accuracy)": 0.8241717703640459, "_runtime": 245, "_timestamp": 1642700209, "_step": 338, "Loss": 0.46184942152883324, "Accuracy": 0.8241717703640459, "_wandb": {"runtime": 246}}