{" (Batch loss)": 184.91681388020515, " (Batch accuracy)": 0.7893841437541459, "_runtime": 895, "_timestamp": 1642702373, "_step": 2799, "Loss": 0.6627842791405203, "Accuracy": 0.7893841437541459, "_wandb": {"runtime": 894}}