{" (Batch loss)": 74.59134215116501, " (Batch accuracy)": 0.7891725296420716, "_runtime": 247, "_timestamp": 1642700973, "_step": 338, "Loss": 0.6659941263496876, "Accuracy": 0.7891725296420716, "_wandb": {"runtime": 248}}