{" (Batch loss)": 133.73571437597275, " (Batch accuracy)": 0.7593434160194722, "_runtime": 845, "_timestamp": 1642713322, "_step": 1869, "Loss": 0.7190092170751223, "Accuracy": 0.7593434160194722, "_wandb": {"runtime": 844}}