{" (Batch loss)": 6.354802668094635, " (Batch accuracy)": 0.013405017875215058, "_runtime": 150, "_timestamp": 1642715030, "_step": 6}