{" (Batch loss)": 30.00640243291855, " (Batch accuracy)": 0.8947880417108528, "_runtime": 812, "_timestamp": 1642709920, "_step": 1129, "Loss": 0.26791430743677275, "Accuracy": 0.8947880417108528, "_wandb": {"runtime": 811}}