{"Epoch_1 (Batch loss)": 48.323362588882446, "Epoch_1 (Batch accuracy)": 0.1599285714285714, "_runtime": 26569, "_timestamp": 1642666150, "_step": 28}