{" (Batch loss)": 125.73894089460373, " (Batch accuracy)": 0.7891222642314047, "_runtime": 846, "_timestamp": 1642703229, "_step": 1869, "Loss": 0.6760158112613104, "Accuracy": 0.7891222642314047, "_wandb": {"runtime": 846}}