{" (Batch loss)": 89.36182300746441, " (Batch accuracy)": 0.8753437402000572, "_runtime": 861, "_timestamp": 1642711630, "_step": 2799, "Loss": 0.32029327242818784, "Accuracy": 0.8753437402000572, "_wandb": {"runtime": 860}}