{"Epoch_1 (Batch loss)": 117.24206352233887, "Epoch_1 (Batch accuracy)": 0.8562693510257009, "_runtime": 8729, "_timestamp": 1642608300, "_step": 205, "Loss": 0.6303336748512842, "Accuracy": 0.8562693510257009, "Sensitivity": 0.7844040265385485, "Specificity": 0.8922020132692753, "Classes": {"_type": "table-file", "path": "media/table/Classes_186_233a0f2d7b7602b26498.table.json", "sha256": "233a0f2d7b7602b26498a61792550a9de07eb2fef49522a7ff9136ef1cf86f2b", "size": 354, "artifact_path": "wandb-client-artifact://mn8i8k1u5jiaaquoaw0a04k1bu7be4b7c9bsntmnwecmz3m0087rn0qexeabbvrxp2ocdjfwewvzxyi3olnrot47y93lgoo38rzlc9a1smj56axmjo8t70p8eu3ow07o:latest/Classes.table.json", "_latest_artifact_path": "wandb-client-artifact://mn8i8k1u5jiaaquoaw0a04k1bu7be4b7c9bsntmnwecmz3m0087rn0qexeabbvrxp2ocdjfwewvzxyi3olnrot47y93lgoo38rzlc9a1smj56axmjo8t70p8eu3ow07o:latest/Classes.table.json", "ncols": 2, "nrows": 37}, "Epoch_2 (Batch loss)": 10.856320947408676, "Epoch_2 (Batch accuracy)": 0.08750298685782557}