{" (Batch loss)": 62.18981656432152, " (Batch accuracy)": 0.8257597220795498, "_runtime": 815, "_timestamp": 1642707411, "_step": 1409, "Loss": 0.44421297545943944, "Accuracy": 0.8257597220795498, "_wandb": {"runtime": 814}}