{"Epoch_1 (Batch loss)": 3.378582239151001, "Epoch_1 (Batch accuracy)": 0.6499999999999999, "_runtime": 57, "_timestamp": 1642610827, "_step": 1, "_wandb": {"runtime": 61}}