{" (Batch loss)": 93.01563078165054, " (Batch accuracy)": 0.7890162114586154, "_runtime": 833, "_timestamp": 1642710761, "_step": 1409, "Loss": 0.6643973627260753, "Accuracy": 0.7890162114586154, "_wandb": {"runtime": 832}}