{" (Batch loss)": 40.57365843653679, " (Batch accuracy)": 0.4214643059032303, "_runtime": 454, "_timestamp": 1642713782, "_step": 624, "Loss": 0.6752421988972596, "Accuracy": 0.789350338812386}