{"Epoch_1 (Batch loss)": 5.530377447605133, "Epoch_1 (Batch accuracy)": 0.056272401433691756, "_runtime": 212, "_timestamp": 1642328787, "_step": 4}