{" (Batch loss)": 59.9379076063633, " (Batch accuracy)": 0.8051337743444106, "_runtime": 244, "_timestamp": 1642700464, "_step": 338, "Loss": 0.5351598893425294, "Accuracy": 0.8051337743444106, "_wandb": {"runtime": 244}}