{" (Batch loss)": 75.22794246673584, " (Batch accuracy)": 0.789291068911553, "_runtime": 817, "_timestamp": 1642704925, "_step": 1129, "Loss": 0.6716780577387128, "Accuracy": 0.789291068911553, "_wandb": {"runtime": 817}}