{" (Batch loss)": 73.78380674123764, " (Batch accuracy)": 0.8035941370895936, "_runtime": 266, "_timestamp": 1642699954, "_step": 422, "Loss": 0.5270271910088403, "Accuracy": 0.8035941370895936, "_wandb": {"runtime": 267}}