{" (Batch loss)": 93.3203649520874, " (Batch accuracy)": 0.7890162114586156, "_runtime": 814, "_timestamp": 1642709101, "_step": 1409, "Loss": 0.6665740353720528, "Accuracy": 0.7890162114586156, "_wandb": {"runtime": 813}}