{"Epoch_1 (Batch loss)": 3.7187561988830566, "Epoch_1 (Batch accuracy)": 0.0747142857142857, "_runtime": 293, "_timestamp": 1642437989, "_step": 3}