{" (Batch loss)": 184.85657048225403, " (Batch accuracy)": 0.7895112206431704, "_runtime": 846, "_timestamp": 1642708267, "_step": 2799, "Loss": 0.6625683529829893, "Accuracy": 0.7895112206431704, "_wandb": {"runtime": 846}}