{" (Batch loss)": 23.507247623056173, " (Batch accuracy)": 0.9527042126783756, "_runtime": 829, "_timestamp": 1642706588, "_step": 1869, "Loss": 0.12638305173686115, "Accuracy": 0.9527042126783756, "_wandb": {"runtime": 829}}